TITLE,LINK,COMMENTS
OpenAI Rolls Out New GPT-4 Version of Chatbot ChatGPT,https://www.wsj.com/articles/openai-rolls-out-updated-version-of-viral-chatbot-chatgpt-f03fea27?mod=Searchresults_pos3&page=1,WSJ
Bosses Are Catching Job Applicants Using ChatGPT for a Boost,https://www.wsj.com/articles/if-chatgpt-writes-your-cover-letter-is-it-cheating-some-bosses-think-so-b62454ba?mod=Searchresults_pos5&page=1,WSJ
What Is ChatGPT? What to Know About the AI Chatbot,https://www.wsj.com/articles/chatgpt-ai-chatbot-app-explained-11675865177?mod=Searchresults_pos8&page=1,WSJ
Baidu Hurries to Ready China’s First ChatGPT Equivalent,https://www.wsj.com/articles/baidu-scrambles-to-ready-chinas-first-chatgpt-equivalent-ahead-of-launch-bf359ca4?mod=Searchresults_pos9&page=1,WSJ
ChatGPT and Cyber Risk,https://www.wsj.com/articles/chatgpt-and-cyber-risk-50b91b22?mod=Searchresults_pos13&page=1,WSJ
Enterprise Startups Race to Cash In on ChatGPT Mania,https://www.wsj.com/articles/enterprise-startups-race-to-cash-in-on-chatgpt-mania-c04eeba?mod=Searchresults_pos19&page=1,WSJ
Apple Approves ChatGPT-Powered App After Assurance of Content Moderation,https://www.wsj.com/articles/apple-approves-chatgpt-powered-app-after-assurance-of-content-moderation-9c82cd7?page=2,WSJ
Opinion: The Challenge to Humanity From ChatGPT,https://www.wsj.com/articles/artificial-intelligence-generative-ai-chatgpt-kissinger-84512912?page=2,"WSJ, Opinion"
Apple Blocks Update of ChatGPT-Powered App,https://www.wsj.com/articles/apple-blocks-update-of-chatgpt-powered-app-as-concerns-grow-over-ais-potential-harm-c4ca9372?page=2,WSJ
"Instacart Joins ChatGPT Frenzy, Adding Chatbot To Grocery Shopping App",https://www.wsj.com/articles/instacart-joins-chatgpt-frenzy-adding-chatbot-to-grocery-shopping-app-bc8a2d3c?page=2,WSJ
"Facebook Parent, Snap Embrace AI Technology That Powers ChatGPT Chatbot",https://www.wsj.com/articles/meta-ai-instagram-whatsapp-snap-chatbot-fa21774e?page=2,WSJ
"In the Whirl of ChatGPT, Startups See an Opening for Their AI Chips",https://www.wsj.com/articles/in-the-whirl-of-chatgpt-startups-see-an-opening-for-their-ai-chips-cb74798f?page=2,WSJ
Opinion: How ChatGPT’s AI Will Become Useful,https://www.wsj.com/articles/ais-not-useful-yet-but-it-will-be-chatgpt-artificial-intelligence-robots-microsoft-bing-chatbot-elder-care-tyrell-corporation-self-driving-tesla-technology-a1a27df0?page=2,"WSJ, Opinion"
Opinion: ChatGPT Heralds an Intellectual Revolution,https://www.wsj.com/articles/chatgpt-heralds-an-intellectual-revolution-enlightenment-artificial-intelligence-homo-technicus-technology-cognition-morality-philosophy-774331c6?page=3,"WSJ, Opinion"
Opinion: Who’s Afraid of ChatGPT?,https://www.wsj.com/articles/whos-afraid-of-chatgpt-artificial-intelligence-chatbot-pinocchio-facsimile-sillicon-valley-big-tech-f21af67e?page=3,"WSJ, Opinion"
"Nvidia, Other Chip Companies Race to Cash In on ChatGPT Frenzy",https://www.wsj.com/articles/chip-makers-see-chatgpt-stirring-strong-demand-for-advanced-processors-76f152d1?page=3,WSJ
ChatGPT Fever Sweeps China’s Tech Sector,https://www.wsj.com/articles/chatgpt-fever-sweeps-china-as-tech-firms-seek-growth-e69aa681?page=3,WSJ
JPMorgan Restricts Employees From Using ChatGPT,https://www.wsj.com/articles/jpmorgan-restricts-employees-from-using-chatgpt-2da5dc34?page=3,WSJ
Microsoft Brings ChatGPT-Powered Bing to Mobile Devices,https://www.wsj.com/articles/microsoft-brings-chatgpt-powered-bing-to-apple-android-mobile-devices-a105eb03?page=3,WSJ
Business Technology Chiefs Question ChatGPT’s Readiness for the Enterprise,https://www.wsj.com/articles/business-technology-chiefs-question-chatgpts-readiness-for-the-enterprise-e6b38de0?page=4,WSJ
Can ChatGPT Recommend Movies? A Film Buff Put It to the Test,https://www.wsj.com/articles/can-chatgpt-recommend-movies-a-film-buff-put-it-to-the-test-5e7e6516?page=4,WSJ
Opinion: Is There Anything ChatGPT’s AI ‘Kant’ Do?,https://www.wsj.com/articles/is-there-anything-chatgpt-kant-do-openai-artificial-intelligence-automation-morality-immanuel-kant-philosophy-91f306ca?page=4,"WSJ, Opinion"
"TripActions Rebrands as Navan, Adds ChatGPT to Expense Reports",https://www.wsj.com/articles/tripactions-rebrands-as-navan-adds-chatgpt-to-expense-reports-11675740210?page=4,WSJ
Microsoft Adds ChatGPT AI Technology to Bing Search Engine,https://www.wsj.com/articles/microsoft-adds-chatgpt-ai-technology-to-bing-search-engine-11675793525?page=4,WSJ
ChatGPT Clones Are Preparing to Take Over China,https://www.wsj.com/articles/chatgpt-clones-are-preparing-to-take-over-china-11675940852?page=4,WSJ
ChatGPT Needs Some Help With Math Assignments,https://www.wsj.com/articles/ai-bot-chatgpt-needs-some-help-with-math-assignments-11675390552?page=4,WSJ
"China’s Baidu Developing Its Own ChatGPT, Joining Global AI Race",https://www.wsj.com/articles/baidu-is-developing-its-own-chatgpt-aiming-to-integrate-it-into-search-11675065601?page=4,WSJ
OpenAI to Offer ChatGPT Subscription Plan for $20 a Month,https://www.wsj.com/articles/openai-to-offer-chatgpt-monthly-subscription-plan-11675284555?page=4,WSJ
Google Opens Testing of Its ChatGPT Rival,https://www.wsj.com/articles/google-opens-testing-of-chatgpt-rival-as-artificial-intelligence-war-heats-up-11675711198?page=4,WSJ
Opinion: Only Bad Writers Should Fear ChatGPT,https://www.wsj.com/articles/only-bad-writers-should-fear-chatgpt-technology-robots-artificial-intelligence-education-journalism-11675201758?page=5,WSJ
"ChatGPT Creator Releases Tool to Detect AI-Generated Text, Calls It ‘Unreliable’",https://www.wsj.com/articles/chatgpt-creator-releases-tool-to-detect-ai-generated-text-calls-it-unreliable-11675204820?page=5,WSJ
ChatGPT Spotlights Microsoft’s Bid to Monetize AI,https://www.wsj.com/articles/chatgpt-spotlights-microsofts-early-efforts-to-monetize-ai-11674964348?page=6,WSJ
BuzzFeed to Use ChatGPT Creator OpenAI to Help Create Some Content,https://www.wsj.com/articles/buzzfeed-to-use-chatgpt-creator-openai-to-help-create-some-of-its-content-11674752660?page=6,WSJ
Professors Turn to ChatGPT to Teach Students a Lesson,https://www.wsj.com/articles/professors-turn-to-chatgpt-to-teach-students-a-lesson-11674657460?page=6,WSJ
Opinion: ChatGPT at the Supreme Court?,https://www.wsj.com/articles/chatgpt-ai-at-supreme-court-lawyer-11674539095?page=6,"WSJ, Opinion"
Companies Tap Tech Behind ChatGPT to Make Customer-Service Chatbots Smarter,https://www.wsj.com/articles/companies-tap-tech-behind-chatgpt-to-make-customer-service-chatbots-smarter-11674509622?page=6,WSJ
Microsoft to Invest Billions in ChatGPT Creator,https://www.wsj.com/articles/microsoft-says-it-plans-multibillion-dollar-investment-in-openai-11674483180?page=6,WSJ
Opinion: Can ChatGPT Write This Column?,https://www.wsj.com/articles/can-chatgpt-write-this-column-openai-computing-scale-fusion-gene-editing-technology-11674399416?page=6,"WSJ, Opinion"
New York City Bans ChatGPT in Schools Over Cheating Concerns,https://www.wsj.com/articles/chatgpt-banned-in-new-york-city-public-schools-over-concerns-about-cheating-learning-development-11673024059?page=7,WSJ
ChatGPT Creator Is Talking to Investors About Selling Shares at $29 Billion Valuation,https://www.wsj.com/articles/chatgpt-creator-openai-is-in-talks-for-tender-offer-that-would-value-it-at-29-billion-11672949279?page=7,WSJ
ChatGPT Creator OpenAI Is in Talks for Tender Offer That Would Value It at $29 Billion,https://www.wsj.com/livecoverage/stock-market-news-today-01-05-2023/card/ny6BcyOOAmSyMBmyjYYF?page=7,WSJ
Opinion: How Do Students Feel About OpenAI’s ChatGPT?,https://www.wsj.com/articles/how-do-students-feel-about-openais-chatgpt-education-openai-exams-testing-essay-learning-plagiarism-cheating-11672780587?page=7,WSJ
ChatGPT Wrote My AP English Essay. I Passed.,https://www.wsj.com/articles/chatgpt-wrote-my-ap-english-essayand-i-passed-11671628256?page=7,WSJ
The Backstory Behind ChatGPT Creator OpenAI,https://www.wsj.com/articles/chatgpt-creator-openai-pushes-new-strategy-to-gain-artificial-intelligence-edge-11671378475?page=8,WSJ
ChatGPT and Lensa: Why Everyone Is Playing With Artificial Intelligence,https://www.wsj.com/articles/everyone-in-your-feed-is-talking-about-chatgpt-and-lensa-and-heres-why-11670356499?page=8,WSJ
Baidu’s ChatGPT-Style Bot Will Be No Magic Bullet,https://www.wsj.com/articles/baidus-chatgpt-style-chatbot-will-be-no-magic-bullet-d26706e8?page=2,WSJ
ChatGPT Isn’t Writing Super Bowl Ad Campaigns—Yet,https://www.wsj.com/livecoverage/super-bowl-2023-chiefs-eagles/card/chatgpt-isn-t-writing-super-bowl-ad-campaigns-yet-F7rZjLCLFktmUtRcogLx?page=3,WSJ
,,WSJ
Is Xi Jinping a Good Leader? China’s AI Chatbots Won’t Tell You,https://www.wsj.com/articles/when-chatbots-run-up-against-chinas-censorship-f7ee1cea?page=1,WSJ
"Lay Off Chatbots. They Have (Artificial) Feelings, Too.",https://www.wsj.com/articles/lay-off-chatbots-they-have-artificial-feelings-too-2ba079b2?page=1,WSJ
Don’t Trust an AI Chatbot With All Your Travel Plans Just Yet,https://www.wsj.com/articles/ai-chat-gpt-bing-travel-flights-hotels-b717148e?page=1,WSJ
Opinion: The George Santos AI Chatbots,https://www.wsj.com/articles/the-george-santos-chatbots-bing-chatgpt-metaverses-adversaries-war-disinformation-twitter-files-lies-8e94b360?page=3,WSJ
Microsoft Caps New Bing Usage After AI Chatbot Offered Unhinged Responses,https://www.wsj.com/articles/microsoft-puts-caps-on-new-bing-usage-after-ai-chatbot-offered-unhinged-responses-39c3252f?page=3,WSJ
Microsoft Defends New Bing After AI Chatbot Offers Unhinged Responses,https://www.wsj.com/articles/microsoft-defends-new-bing-says-ai-upgrade-is-work-in-progress-3447074d?page=3,WSJ
I Entered a Pun Competition. My Jokes Were Written by an AI Chatbot.,https://www.wsj.com/articles/chatgpt-ai-chatbot-punderdome-jokes-11670602696?page=6,WSJ
Can You Tell a Real Tweet From One Written By an AI Chatbot?,https://www.wsj.com/articles/chatgpt-twitter-quiz-ai-openai-11670511559?page=6,WSJ
How AI That Powers Chatbots and Search Queries Could Discover New Drugs,https://www.wsj.com/articles/how-ai-that-powers-chatbots-and-search-queries-could-discover-new-drugs-11670428795?page=6,WSJ
Chatbots May Be Better When It Comes to Giving Consumers Bad News,https://www.wsj.com/articles/chatbots-may-be-better-when-it-comes-to-giving-consumers-bad-news-11649347200?page=8,WSJ